INSERT INTO "STATUS" (ID, VERSION, NAME) VALUES
(1, 1, 'Worn'),
(2, 1, 'Not Worn'),
(3, 1, 'Consumable');
INSERT INTO "CATEGORY" (ID, VERSION, NAME) VALUES
(6, 1, 'Backpack'),
(7, 1, 'Tent'),
(8, 1, 'Sleep System'),
(9, 1, 'Clothes'),
(10, 1, 'Cooking & Water'),
(61, 1, 'Miscellaneous'),
(62, 1, 'Electronics');   
INSERT INTO "GEAR" (ID, VERSION, WEIGHT,BRAND,ITEM,CATEGORY_ID,STATUS_ID) VALUES
(11, 1, '100', 'Zpacks', 'Plex Solo', 7, 2),
(12, 1, '100', 'Enlightened Equipment', 'Enigma', 8, 2),
(13, 1, '100', 'Thermarest', 'NeoAir Xlite', 8, 2),
(14, 1, '100', 'Zpacks', 'Tent Stakes', 7, 2),
(15, 1, '100', 'Hyperlite', 'Junction 55', 6, 1),
(16, 1, '100', 'Tyvek', 'Groundsheet', 7, 2),
(17, 1, '100', 'MSR', 'Pocket Rocket', 10, 2),
(18, 1, '100', 'Victorinox', 'Classic SD', 61, 2),
(19, 1, '100', 'Toaks', 'Pot 750ml', 10, 2),
(20, 1, '100', 'Cnoc', '2L Water Bladder', 10, 2),
(21, 1, '100', 'Smart', '1L Water Bottle', 10, 2),
(22, 1, '100', 'Bic', 'Mini Lighter', 10, 2),
(23, 1, '100', 'Zpacks', 'Food Bag', 10, 2),
(24, 1, '100', 'Sea to Summit', 'Long Handle Spoon', 10, 2),
(25, 1, '100', 'Sawyer Squeeze', 'Water Filter', 10, 2),
(26, 1, '100', 'The Tent Lab', 'Deuce #2', 61, 2),
(27, 1, '100', 'Garmin', 'Inreach Mini 2', 62, 2),
(28, 1, '100', 'Nightcore', '20000mah Powerbank', 62, 2),
(29, 1, '100', 'Black Diamond', 'Spot 250 Headlamp', 62, 2),
(30, 1, '100', 'Google', 'USB C Charging Cable', 62, 2),
(31, 1, '100', 'Samsung', 'Galaxy Buds Plus', 62, 2),
(32, 1, '100', 'RayBans', 'Sunglasses', 9, 1);